{
    "iterations": 959,
    "learning_rate": 0.07555744428122346,
    "depth": 8,
    "l2_leaf_reg": 1.4652487308640822
}